20160802-230000,Simon_Pegg,129
20160802-220000,Simon_Pegg,132
20160802-210000,Simon_Pegg,142
20160802-200000,Simon_Pegg,158
20160802-190000,Simon_Pegg,155
20160802-180000,Simon_Cowell,163
20160802-170000,Simon_Pegg,141
20160802-160000,Simon_Helberg,179
20160802-150000,Simon_Cowell,156
20160802-140000,Simon_Helberg,198
20160802-130000,Simon_Pegg,140
20160802-120000,Simon_Cowell,148
20160802-110000,Simon_Cowell,149
20160802-100000,Simon_Cowell,125
20160802-090000,Simon_Cowell,81
20160802-080000,Simon_Helberg,91
20160802-070000,Simon_Cowell,82
20160802-060000,Simon_Cowell,95
20160802-050000,Simon_Helberg,303
20160802-040000,Simon_Pegg,107
20160802-030000,Simon_Pegg,109
20160802-020000,Simon_Pegg,167
20160802-010000,Simon_Pegg,108
20160802-000000,Simon_Pegg,139
20160801-230000,Simon_Pegg,139
20160801-220000,Simon_Pegg,165
20160801-210000,Simon_Pegg,178
20160801-200000,Simon_Pegg,177
20160801-190000,Simon_Pegg,164
20160801-180000,Simon_Pegg,146
20160801-170000,Simon_Pegg,149
20160801-160000,Simon_Pegg,180
20160801-150000,Simon_Pegg,173
20160801-140000,Simon_Helberg,176
20160801-130000,Simon_Pegg,127
20160801-120000,Simon_Cowell,131
20160801-110000,Simon_Cowell,154
20160801-100000,Simon_Cowell,148
20160801-090000,Simon_Cowell,127
20160801-080000,Simon_Pegg,119
20160801-070000,Simon_Pegg,101
20160801-060000,Simon_Pegg,96
20160801-050000,Simon_Pegg,109
20160801-040000,Simon_Pegg,135
20160801-030000,Simon_Pegg,175
20160801-020000,Simon_Pegg,139
20160801-010000,Simon_Pegg,170
20160801-000000,Simon_Pegg,146
